fold,preset,n_test,angle_base,angle_pert,angle_drop,dist_base,dist_pert,dist_drop,joint_base,joint_pert,joint_drop,mae_base,mae_pert,mae_increase
1,pink_K3,108,1.0,0.7129629629629629,0.2870370370370371,0.7592592592592593,0.6574074074074074,0.10185185185185186,0.7592592592592593,0.5,0.2592592592592593,15.610831065076438,48.73961178509111,33.12878072001467
2,pink_K3,108,0.9814814814814815,0.6018518518518519,0.37962962962962965,0.6851851851851852,0.5648148148148148,0.12037037037037046,0.6759259259259259,0.3425925925925926,0.3333333333333333,19.811774772585924,56.59873480262043,36.78696003003451
3,pink_K3,108,0.7870370370370371,0.6481481481481481,0.13888888888888895,0.7129629629629629,0.6851851851851852,0.02777777777777768,0.6111111111111112,0.4351851851851852,0.17592592592592599,27.96459933952038,50.44692343606793,22.482324096547547
4,pink_K3,108,0.3333333333333333,0.5092592592592593,-0.17592592592592599,0.48148148148148145,0.3425925925925926,0.13888888888888884,0.17592592592592593,0.2222222222222222,-0.04629629629629628,59.904098983515965,63.023323434055726,3.119224450539761
5,pink_K3,108,0.5925925925925926,0.3888888888888889,0.20370370370370366,0.4537037037037037,0.3611111111111111,0.09259259259259262,0.2777777777777778,0.12962962962962962,0.14814814814814817,27.96153087703575,51.582257970474956,23.620727093439207
mean,pink_K3,108,0.7388888888888889,0.5722222222222222,0.16666666666666669,0.6185185185185185,0.5222222222222223,0.0962962962962963,0.5,0.3259259259259259,0.1740740740740741,30.25056700754689,54.07817028566203,23.827603278115134
