fold,preset,n_test,angle_base,angle_pert,angle_drop,dist_base,dist_pert,dist_drop,joint_base,joint_pert,joint_drop,mae_base,mae_pert,mae_increase
1,pitch_P2_pos,108,1.0,0.9814814814814815,0.01851851851851849,0.7592592592592593,0.6018518518518519,0.15740740740740744,0.7592592592592593,0.5833333333333334,0.17592592592592593,15.610827649981854,13.70980927282253,-1.901018377159323
2,pitch_P2_pos,108,0.9814814814814815,0.9814814814814815,0.0,0.6851851851851852,0.6759259259259259,0.0092592592592593,0.6759259259259259,0.6666666666666666,0.0092592592592593,19.811774772585924,17.5045180879354,-2.3072566846505254
3,pitch_P2_pos,108,0.7870370370370371,0.7962962962962963,-0.00925925925925919,0.7129629629629629,0.6296296296296297,0.08333333333333326,0.6111111111111112,0.5092592592592593,0.10185185185185186,27.96459933952038,28.55959931623499,0.594999976714611
4,pitch_P2_pos,108,0.3333333333333333,0.2962962962962963,0.037037037037037035,0.48148148148148145,0.5648148148148148,-0.08333333333333331,0.17592592592592593,0.1388888888888889,0.037037037037037035,59.904098983515965,61.105611220791246,1.2015122372752813
5,pitch_P2_pos,108,0.5925925925925926,0.6111111111111112,-0.0185185185185186,0.4537037037037037,0.5370370370370371,-0.08333333333333337,0.2777777777777778,0.3148148148148148,-0.037037037037037035,27.96153087703575,27.531519242364674,-0.43001163467107517
mean,pitch_P2_pos,108,0.7388888888888889,0.7333333333333334,0.005555555555555547,0.6185185185185185,0.6018518518518519,0.016666666666666663,0.5,0.44259259259259254,0.05740740740740742,30.250566324527973,29.682211428029767,-0.5683548964982063
