fold,preset,n_test,angle_base,angle_pert,angle_drop,dist_base,dist_pert,dist_drop,joint_base,joint_pert,joint_drop,mae_base,mae_pert,mae_increase
1,white_W3,108,1.0,0.8888888888888888,0.11111111111111116,0.7592592592592593,0.7222222222222222,0.03703703703703709,0.7592592592592593,0.6666666666666666,0.09259259259259267,15.610831065076438,33.696444572123596,18.085613507047157
2,white_W3,108,0.9814814814814815,0.7037037037037037,0.2777777777777778,0.6851851851851852,0.6111111111111112,0.07407407407407407,0.6759259259259259,0.4074074074074074,0.26851851851851855,19.811774772585924,43.584359169389316,23.772584396803392
3,white_W3,108,0.7870370370370371,0.6851851851851852,0.10185185185185186,0.7129629629629629,0.6574074074074074,0.05555555555555547,0.6111111111111112,0.4722222222222222,0.13888888888888895,27.96459933952038,40.93106631836573,12.96646697884535
4,white_W3,108,0.3333333333333333,0.48148148148148145,-0.14814814814814814,0.48148148148148145,0.3611111111111111,0.12037037037037035,0.17592592592592593,0.24074074074074073,-0.0648148148148148,59.904098983515965,64.13303792888604,4.228938945370075
5,white_W3,108,0.5925925925925926,0.42592592592592593,0.16666666666666663,0.4537037037037037,0.3611111111111111,0.09259259259259262,0.2777777777777778,0.1574074074074074,0.12037037037037038,27.96153087703575,38.83644879050333,10.874917913467584
mean,white_W3,108,0.7388888888888889,0.6370370370370371,0.10185185185185186,0.6185185185185185,0.5425925925925926,0.07592592592592592,0.5,0.3888888888888889,0.11111111111111116,30.25056700754689,44.2362713558536,13.985704348306712
